{"nodes":[{"id":"src/pages/HomePage.tsx","label":"HomePage","routes":["/"],"type":"screen","isRoot":true},{"id":"src/pages/ServicesPage.tsx","label":"ServicesPage","routes":["/services"],"type":"screen"},{"id":"src/pages/AboutPage.tsx","label":"AboutPage","routes":["/about"],"type":"screen"},{"id":"src/pages/ContactPage.tsx","label":"ContactPage","routes":["/contact"],"type":"screen"},{"id":"src/pages/DataAnalyticsConsultingPage.tsx","label":"DataAnalyticsConsultingPage","routes":["/data-analytics-consulting"],"type":"screen"},{"id":"src/pages/BusinessIntelligenceConsultingPage.tsx","label":"BusinessIntelligenceConsultingPage","routes":["/business-intelligence-consulting"],"type":"screen"},{"id":"src/pages/InsightsPage.tsx","label":"InsightsPage","routes":["/insights"],"type":"screen"},{"id":"src/pages/InsightsArticlePage.tsx","label":"InsightsArticlePage","routes":["/insights/how-enterprises-turn-data-into-decisions"],"type":"screen"},{"id":"src/pages/FAQPage.tsx","label":"FAQPage","routes":["/faq"],"type":"screen"},{"id":"src/pages/PrivacyPolicyPage.tsx","label":"PrivacyPolicyPage","routes":["/privacy-policy"],"type":"screen"},{"id":"src/components/Header.tsx","label":"Header","routes":[],"type":"component"},{"id":"src/components/Footer.tsx","label":"Footer","routes":[],"type":"component"}],"edges":[{"id":"src/pages/DataAnalyticsConsultingPage.tsx:91:31-to-src/pages/ContactPage.tsx","source":"src/pages/DataAnalyticsConsultingPage.tsx","target":"src/pages/ContactPage.tsx","data":{"viaRoute":"/contact","trigger":{"element":"navigate('/contact')","line":91,"endLine":91,"column":31,"endColumn":51,"sourceFile":"src/pages/DataAnalyticsConsultingPage.tsx"}}},{"id":"src/pages/DataAnalyticsConsultingPage.tsx:119:72-to-src/pages/BusinessIntelligenceConsultingPage.tsx","source":"src/pages/DataAnalyticsConsultingPage.tsx","target":"src/pages/BusinessIntelligenceConsultingPage.tsx","data":{"viaRoute":"/business-intelligence-consulting","trigger":{"element":"<a href=\"/business-intelligence-consulting\" className=\"text-tertiary font-semibold hover:underline\">business intelligence consulting services</a>","line":119,"endLine":119,"column":72,"endColumn":217,"sourceFile":"src/pages/DataAnalyticsConsultingPage.tsx"}}},{"id":"src/pages/DataAnalyticsConsultingPage.tsx:292:31-to-src/pages/ContactPage.tsx","source":"src/pages/DataAnalyticsConsultingPage.tsx","target":"src/pages/ContactPage.tsx","data":{"viaRoute":"/contact","trigger":{"element":"navigate('/contact')","line":292,"endLine":292,"column":31,"endColumn":51,"sourceFile":"src/pages/DataAnalyticsConsultingPage.tsx"}}},{"id":"src/components/Header.tsx:34:6-to-src/pages/HomePage.tsx","source":"src/components/Header.tsx","target":"src/pages/HomePage.tsx","data":{"viaRoute":"/","trigger":{"element":"navigate('/')","line":34,"endLine":34,"column":6,"endColumn":19,"sourceFile":"src/components/Header.tsx"}}},{"id":"src/components/Footer.tsx:18:6-to-src/pages/HomePage.tsx","source":"src/components/Footer.tsx","target":"src/pages/HomePage.tsx","data":{"viaRoute":"/","trigger":{"element":"navigate('/')","line":18,"endLine":18,"column":6,"endColumn":19,"sourceFile":"src/components/Footer.tsx"}}},{"id":"src/components/Footer.tsx:115:35-to-src/pages/InsightsPage.tsx","source":"src/components/Footer.tsx","target":"src/pages/InsightsPage.tsx","data":{"viaRoute":"/insights","trigger":{"element":"navigate('/insights')","line":115,"endLine":115,"column":35,"endColumn":56,"sourceFile":"src/components/Footer.tsx"}}},{"id":"src/components/Footer.tsx:123:35-to-src/pages/FAQPage.tsx","source":"src/components/Footer.tsx","target":"src/pages/FAQPage.tsx","data":{"viaRoute":"/faq","trigger":{"element":"navigate('/faq')","line":123,"endLine":123,"column":35,"endColumn":51,"sourceFile":"src/components/Footer.tsx"}}},{"id":"src/pages/BusinessIntelligenceConsultingPage.tsx:90:31-to-src/pages/ContactPage.tsx","source":"src/pages/BusinessIntelligenceConsultingPage.tsx","target":"src/pages/ContactPage.tsx","data":{"viaRoute":"/contact","trigger":{"element":"navigate('/contact')","line":90,"endLine":90,"column":31,"endColumn":51,"sourceFile":"src/pages/BusinessIntelligenceConsultingPage.tsx"}}},{"id":"src/pages/BusinessIntelligenceConsultingPage.tsx:118:31-to-src/pages/DataAnalyticsConsultingPage.tsx","source":"src/pages/BusinessIntelligenceConsultingPage.tsx","target":"src/pages/DataAnalyticsConsultingPage.tsx","data":{"viaRoute":"/data-analytics-consulting","trigger":{"element":"<a href=\"/data-analytics-consulting\" className=\"text-tertiary font-semibold hover:underline\">data analytics consulting</a>","line":118,"endLine":118,"column":31,"endColumn":153,"sourceFile":"src/pages/BusinessIntelligenceConsultingPage.tsx"}}},{"id":"src/pages/BusinessIntelligenceConsultingPage.tsx:288:53-to-src/pages/DataAnalyticsConsultingPage.tsx","source":"src/pages/BusinessIntelligenceConsultingPage.tsx","target":"src/pages/DataAnalyticsConsultingPage.tsx","data":{"viaRoute":"/data-analytics-consulting","trigger":{"element":"<a href=\"/data-analytics-consulting\" className=\"text-tertiary font-semibold hover:underline\">data analytics consulting</a>","line":288,"endLine":288,"column":53,"endColumn":175,"sourceFile":"src/pages/BusinessIntelligenceConsultingPage.tsx"}}},{"id":"src/pages/BusinessIntelligenceConsultingPage.tsx:368:31-to-src/pages/ContactPage.tsx","source":"src/pages/BusinessIntelligenceConsultingPage.tsx","target":"src/pages/ContactPage.tsx","data":{"viaRoute":"/contact","trigger":{"element":"navigate('/contact')","line":368,"endLine":368,"column":31,"endColumn":51,"sourceFile":"src/pages/BusinessIntelligenceConsultingPage.tsx"}}},{"id":"src/pages/InsightsPage.tsx:161:39-to-src/pages/DataAnalyticsConsultingPage.tsx","source":"src/pages/InsightsPage.tsx","target":"src/pages/DataAnalyticsConsultingPage.tsx","data":{"viaRoute":"/data-analytics-consulting","trigger":{"element":"<a href=\"/data-analytics-consulting\" className=\"text-tertiary font-semibold hover:underline\">data analytics consulting services</a>","line":161,"endLine":161,"column":39,"endColumn":170,"sourceFile":"src/pages/InsightsPage.tsx"}}},{"id":"src/pages/InsightsArticlePage.tsx:207:22-to-src/pages/DataAnalyticsConsultingPage.tsx","source":"src/pages/InsightsArticlePage.tsx","target":"src/pages/DataAnalyticsConsultingPage.tsx","data":{"viaRoute":"/data-analytics-consulting","trigger":{"element":"<a href=\"/data-analytics-consulting\" className=\"text-tertiary font-semibold hover:underline\">data analytics consulting services</a>","line":207,"endLine":207,"column":22,"endColumn":153,"sourceFile":"src/pages/InsightsArticlePage.tsx"}}},{"id":"src/pages/InsightsArticlePage.tsx:207:315-to-src/pages/BusinessIntelligenceConsultingPage.tsx","source":"src/pages/InsightsArticlePage.tsx","target":"src/pages/BusinessIntelligenceConsultingPage.tsx","data":{"viaRoute":"/business-intelligence-consulting","trigger":{"element":"<a href=\"/business-intelligence-consulting\" className=\"text-tertiary font-semibold hover:underline\">business intelligence consulting</a>","line":207,"endLine":207,"column":315,"endColumn":451,"sourceFile":"src/pages/InsightsArticlePage.tsx"}}},{"id":"src/pages/InsightsArticlePage.tsx:307:89-to-src/pages/DataAnalyticsConsultingPage.tsx","source":"src/pages/InsightsArticlePage.tsx","target":"src/pages/DataAnalyticsConsultingPage.tsx","data":{"viaRoute":"/data-analytics-consulting","trigger":{"element":"<a href=\"/data-analytics-consulting\" className=\"text-tertiary font-semibold hover:underline\">explore our data analytics consulting services</a>","line":307,"endLine":307,"column":89,"endColumn":232,"sourceFile":"src/pages/InsightsArticlePage.tsx"}}},{"id":"src/pages/InsightsArticlePage.tsx:307:252-to-src/pages/BusinessIntelligenceConsultingPage.tsx","source":"src/pages/InsightsArticlePage.tsx","target":"src/pages/BusinessIntelligenceConsultingPage.tsx","data":{"viaRoute":"/business-intelligence-consulting","trigger":{"element":"<a href=\"/business-intelligence-consulting\" className=\"text-tertiary font-semibold hover:underline\">business intelligence consulting</a>","line":307,"endLine":307,"column":252,"endColumn":388,"sourceFile":"src/pages/InsightsArticlePage.tsx"}}},{"id":"src/pages/InsightsArticlePage.tsx:327:35-to-src/pages/DataAnalyticsConsultingPage.tsx","source":"src/pages/InsightsArticlePage.tsx","target":"src/pages/DataAnalyticsConsultingPage.tsx","data":{"viaRoute":"/data-analytics-consulting","trigger":{"element":"navigate('/data-analytics-consulting')","line":327,"endLine":327,"column":35,"endColumn":73,"sourceFile":"src/pages/InsightsArticlePage.tsx"}}},{"id":"src/pages/InsightsArticlePage.tsx:334:35-to-src/pages/ContactPage.tsx","source":"src/pages/InsightsArticlePage.tsx","target":"src/pages/ContactPage.tsx","data":{"viaRoute":"/contact","trigger":{"element":"navigate('/contact')","line":334,"endLine":334,"column":35,"endColumn":55,"sourceFile":"src/pages/InsightsArticlePage.tsx"}}},{"id":"src/pages/InsightsArticlePage.tsx:387:353-to-src/pages/DataAnalyticsConsultingPage.tsx","source":"src/pages/InsightsArticlePage.tsx","target":"src/pages/DataAnalyticsConsultingPage.tsx","data":{"viaRoute":"/data-analytics-consulting","trigger":{"element":"<a href=\"/data-analytics-consulting\" className=\"text-tertiary font-semibold hover:underline\">data analytics consulting services</a>","line":387,"endLine":387,"column":353,"endColumn":484,"sourceFile":"src/pages/InsightsArticlePage.tsx"}}},{"id":"src/pages/InsightsArticlePage.tsx:387:489-to-src/pages/BusinessIntelligenceConsultingPage.tsx","source":"src/pages/InsightsArticlePage.tsx","target":"src/pages/BusinessIntelligenceConsultingPage.tsx","data":{"viaRoute":"/business-intelligence-consulting","trigger":{"element":"<a href=\"/business-intelligence-consulting\" className=\"text-tertiary font-semibold hover:underline\">business intelligence consulting</a>","line":387,"endLine":387,"column":489,"endColumn":625,"sourceFile":"src/pages/InsightsArticlePage.tsx"}}}]}